year,gender,final_rank,skater,nation,total_tss,sp_rank,fs_rank,tss_sp,tes_sp,pcs_sp,tss_fs,tes_fs,pcs_fs,tes_total,pcs_total,medal,skater_status,final_rank_num,tech_dominance_pct,is_medal,is_gold,rank_change,score_momentum,tes_pcs_ratio
2026,M,1,SHAIDOROV Mikhail,KAZ,291.58,5,1.0,92.94,52.45,40.49,198.64,114.68,83.96,167.13,124.45,1,COMPLETED,1.0,0.5732,1,1,4.0,105.69999999999999,1.3429489754921655
2026,M,2,KAGIYAMA Yuma,JPN,280.06,2,6.0,103.07,56.5,46.57,176.99,92.15,85.84,148.65,132.41,2,COMPLETED,2.0,0.5289,1,0,-4.0,73.92000000000002,1.122649346726078
2026,M,3,SATO Shun,JPN,274.9,9,3.0,88.7,46.77,41.93,186.2,101.85,84.35,148.62,126.28,3,COMPLETED,3.0,0.5406,1,0,6.0,97.49999999999999,1.1769084573962623
2026,M,4,CHA Junhwan,KOR,273.92,6,5.0,92.72,50.08,42.64,181.2,95.16,87.04,145.24,129.68,0,COMPLETED,4.0,0.5283,0,0,1.0,88.47999999999999,1.1199876619370759
2026,M,5,GOGOLEV Stephen,CAN,273.78,10,2.0,87.41,48.23,39.18,186.37,103.22,83.15,151.45,122.33,0,COMPLETED,5.0,0.5532,0,0,8.0,98.96000000000001,1.2380446333687565
2026,M,6,GUMENNIK Petr,AIN,271.21,12,4.0,86.72,48.43,38.29,184.49,103.84,80.65,152.27,118.94,0,COMPLETED,6.0,0.5614,0,0,8.0,97.77000000000001,1.2802253236926182
2026,M,7,SIAO HIM FA Adam,FRA,269.27,3,12.0,102.55,57.27,45.28,166.72,84.97,82.75,142.24,128.03,0,COMPLETED,7.0,0.5263,0,0,-9.0,64.17,1.1109896118097322
2026,M,8,MALININ Ilia,USA,264.49,1,15.0,108.16,62.35,45.81,156.33,76.61,81.72,138.96,127.53,0,COMPLETED,8.0,0.5214,0,0,-14.0,48.170000000000016,1.0896259703599154
2026,M,9,GRASSL Daniel,ITA,263.71,4,8.0,93.46,52.73,40.73,170.25,88.79,81.46,141.52,122.19,0,COMPLETED,9.0,0.5367000000000001,0,0,-4.0,76.79,1.158196251739095
2026,M,10,EGADZE Nika,GEO,260.27,15,7.0,85.11,45.85,39.26,175.16,96.23,79.93,142.08,119.19,0,COMPLETED,10.0,0.5438000000000001,0,0,8.0,90.05,1.1920463126101184
2026,M,11,AYMOZ Kevin,FRA,259.94,7,11.0,92.64,48.55,44.09,167.3,81.45,85.85,130.0,129.94,0,COMPLETED,11.0,0.5001,0,0,-4.0,74.66000000000001,1.0004617515776513
2026,M,12,TORGASHEV Andrew,USA,259.06,8,9.0,88.94,48.56,40.38,170.12,86.16,83.96,134.72,124.34,0,COMPLETED,12.0,0.52,0,0,-1.0,81.18,1.0834807785105356
2026,M,13,MIURA Kao,JPN,246.88,22,10.0,76.77,37.44,40.33,170.11,92.72,78.39,130.16,118.72,0,COMPLETED,13.0,0.523,0,0,12.0,93.34000000000002,1.0963611859838274
2026,M,14,BRITSCHGI Lukas,SUI,246.64,19,13.0,80.87,40.61,40.26,165.77,85.01,80.76,125.62,121.02,0,COMPLETED,14.0,0.5093,0,0,6.0,84.9,1.038010246240291
2026,M,15,RIZZO Matteo,ITA,243.18,16,14.0,84.3,42.49,41.81,158.88,76.32,82.56,118.81,124.37,0,COMPLETED,15.0,0.4886,0,0,2.0,74.58,0.9552946852134759
2026,M,16,SELEVKO Aleksandr,EST,236.82,18,16.0,82.02,41.33,41.69,154.8,77.05,77.75,118.38,119.44,0,COMPLETED,16.0,0.4978,0,0,2.0,72.78000000000002,0.9911252511721366
2026,M,17,JIN Boyang,CHN,229.08,13,20.0,86.55,47.79,38.76,142.53,70.87,72.66,118.66,111.42,0,COMPLETED,17.0,0.5157,0,0,-7.0,55.980000000000004,1.0649793573864657
2026,M,18,VASILJEVS Deniss,LAT,226.46,17,18.0,82.44,42.34,40.1,144.02,67.07,76.95,109.41,117.05,0,COMPLETED,18.0,0.48310000000000003,0,0,-1.0,61.58000000000001,0.9347287483981205
2026,M,19,MARSAK Kyrylo,UKR,224.17,11,23.0,86.89,49.2,37.69,137.28,64.92,73.36,114.12,111.05,0,COMPLETED,19.0,0.5068,0,0,-12.0,50.39,1.0276452048626745
2026,M,20,NAUMOV Maxim,USA,223.36,14,22.0,85.65,47.77,37.88,137.71,64.66,75.05,112.43,112.93,0,COMPLETED,20.0,0.4989,0,0,-8.0,52.06,0.9955724785265209
2026,M,21,SAMOILOV Vladimir,POL,222.25,21,17.0,77.57,40.88,36.69,144.68,72.65,73.03,113.53,109.72,0,COMPLETED,21.0,0.5085000000000001,0,0,4.0,67.11000000000001,1.0347247539190667
2026,M,22,CARRILLO Donovan,MEX,219.06,23,19.0,75.56,39.71,36.85,143.5,71.56,71.94,111.27,108.79,0,COMPLETED,22.0,0.5056,0,0,4.0,67.94,1.022796212887214
2026,M,23,LI Yu-Hsiang,TPE,214.33,24,21.0,72.41,39.84,32.57,141.92,77.25,64.67,117.09,97.24,0,COMPLETED,23.0,0.5463,0,0,3.0,69.50999999999999,1.2041341011929247
2026,M,24,HAGARA Adam,SVK,202.38,20,24.0,80.3,45.17,35.13,122.08,61.91,62.17,107.08,97.3,0,COMPLETED,24.0,0.5239,0,0,-4.0,41.78,1.1005138746145942
2026,M,FNR,GUARINO SABATE Tomas,ESP,69.8,25,0.0,69.8,34.25,35.55,0.0,0.0,0.0,34.25,35.55,0,FNR,,0.4907,0,0,25.0,-69.8,0.9634317862165964
2026,M,FNR,KIM Hyungyeom,KOR,69.3,26,0.0,69.3,37.92,32.38,0.0,0.0,0.0,37.92,32.38,0,FNR,,0.5394,0,0,26.0,-69.3,1.1710932674490426
2026,M,FNR,NORDEBACK Andreas,SWE,67.15,27,0.0,67.15,31.45,35.7,0.0,0.0,0.0,31.45,35.7,0,FNR,,0.46840000000000004,0,0,27.0,-67.15,0.8809523809523808
2026,M,FNR,KULISS Fedirs,LAT,66.86,28,0.0,66.86,35.83,32.03,0.0,0.0,0.0,35.83,32.03,0,FNR,,0.528,0,0,28.0,-66.86,1.1186387761473617
2026,M,FNR,LITVINTSEV Vladimir,AZE,63.63,29,0.0,63.63,31.13,32.5,0.0,0.0,0.0,31.13,32.5,0,FNR,,0.4892,0,0,29.0,-63.63,0.9578461538461538
2026,W,1,LIU Alysa,USA,226.79,3,1.0,76.59,41.34,35.25,150.2,77.74,72.46,119.08,107.71,1,COMPLETED,1.0,0.5251,1,1,2.0,73.60999999999999,1.105561229226627
2026,W,2,SAKAMOTO Kaori,JPN,224.9,2,2.0,77.23,40.08,37.15,147.67,72.83,74.84,112.91,111.99,2,COMPLETED,2.0,0.502,1,0,0.0,70.43999999999998,1.0082150191981427
2026,W,3,NAKAI Ami,JPN,219.16,1,9.0,78.71,45.02,33.69,140.45,72.53,67.92,117.55,101.61,3,COMPLETED,3.0,0.5364,1,0,-8.0,61.739999999999995,1.1568743233933667
2026,W,4,CHIBA Mone,JPN,217.88,4,4.0,74.0,38.72,35.28,143.88,74.46,69.42,113.18,104.7,0,COMPLETED,4.0,0.5195000000000001,0,0,0.0,69.88,1.0809933142311365
2026,W,5,GLENN Amber,USA,214.91,13,3.0,67.39,34.19,33.2,147.52,78.87,68.65,113.06,101.85,0,COMPLETED,5.0,0.5261,0,0,10.0,80.13000000000001,1.11006381934217
2026,W,6,PETROSIAN Adeliia,AIN,214.53,5,5.0,72.89,40.44,32.45,141.64,76.93,65.71,117.37,98.16,0,COMPLETED,6.0,0.5446,0,0,0.0,68.74999999999999,1.1957008964955176
2026,W,7,PETROKINA Niina,EST,210.82,10,6.0,69.63,36.8,32.83,141.19,74.82,66.37,111.62,99.2,0,COMPLETED,7.0,0.5295000000000001,0,0,4.0,71.56,1.1252016129032258
2026,W,8,LEE Haein,KOR,210.56,9,8.0,70.07,37.61,32.46,140.49,74.15,66.34,111.76,98.8,0,COMPLETED,8.0,0.5307999999999999,0,0,1.0,70.42000000000002,1.131174089068826
2026,W,9,GUBANOVA Anastasiia,GEO,209.99,6,11.0,71.77,38.28,33.49,138.22,71.39,66.83,109.67,100.32,0,COMPLETED,9.0,0.5223,0,0,-5.0,66.45,1.093201754385965
2026,W,10,SAMODELKINA Sofia,KAZ,207.46,12,10.0,68.47,36.42,32.05,138.99,73.77,65.22,110.19,97.27,0,COMPLETED,10.0,0.5311,0,0,2.0,70.52000000000001,1.1328261540043179
2026,W,11,SHIN Jia,KOR,206.68,14,7.0,65.66,35.79,30.87,141.02,75.05,65.97,110.84,96.84,0,COMPLETED,11.0,0.5337,0,0,7.0,75.36000000000001,1.1445683601817431
2026,W,12,LEVITO Isabeau,USA,202.8,8,13.0,70.84,36.77,34.07,131.96,64.5,68.46,101.27,102.53,0,COMPLETED,12.0,0.49689999999999995,0,0,-5.0,61.120000000000005,0.9877109138788647
2026,W,13,PINZARRONE Nina,BEL,200.3,11,14.0,68.97,36.86,32.11,131.33,67.63,63.7,104.49,95.81,0,COMPLETED,13.0,0.5217,0,0,-3.0,62.360000000000014,1.090595971192986
2026,W,14,HENDRICKX Loena,BEL,199.65,7,15.0,70.93,36.92,34.01,128.72,61.49,67.23,98.41,101.24,0,COMPLETED,14.0,0.4929,0,0,-8.0,57.78999999999999,0.9720466218885816
2026,W,15,GUTMANN Lara Naki,ITA,195.75,18,12.0,61.56,29.5,32.06,134.19,69.73,64.46,99.23,96.52,0,COMPLETED,15.0,0.5069,0,0,6.0,72.63,1.0280770824699546
2026,W,16,KARHUNEN Iida,FIN,192.79,15,17.0,65.06,36.22,28.84,127.73,68.43,59.3,104.65,88.14,0,COMPLETED,16.0,0.5428000000000001,0,0,-2.0,62.67,1.1873156342182891
2026,W,17,SAUTER Julia,ROU,190.93,16,16.0,63.13,34.15,28.98,127.8,66.28,61.52,100.43,90.5,0,COMPLETED,17.0,0.526,0,0,0.0,64.66999999999999,1.1097237569060774
2026,W,18,MIKUTINA Olga,AUT,185.59,17,18.0,61.72,32.64,29.08,123.87,64.06,59.81,96.7,88.89,0,COMPLETED,18.0,0.521,0,0,-1.0,62.150000000000006,1.0878614017324784
2026,W,19,ZHANG Ruiyang,CHN,178.03,20,19.0,59.38,32.64,26.74,118.65,61.54,57.11,94.18,83.85,0,COMPLETED,19.0,0.529,0,0,1.0,59.27,1.1231961836613
2026,W,20,KURAKOVA Ekaterina,POL,173.37,19,21.0,60.14,31.56,28.58,113.23,56.6,56.63,88.16,85.21,0,COMPLETED,20.0,0.5085000000000001,0,0,-2.0,53.09,1.0346203497242108
2026,W,21,KAISER Livia,SUI,171.52,23,20.0,55.69,30.62,26.07,115.83,62.95,53.88,93.57,79.95,0,COMPLETED,21.0,0.5392,0,0,3.0,60.14,1.1703564727954971
2026,W,22,SCHILD Lorine,FRA,167.08,24,22.0,55.63,29.32,26.31,111.45,59.41,52.04,88.73,78.35,0,COMPLETED,22.0,0.5311,0,0,2.0,55.82,1.132482450542438
2026,W,23,REPOND Kimmy,SUI,159.54,21,23.0,59.2,29.84,29.36,100.34,51.21,53.13,81.05,82.49,0,COMPLETED,23.0,0.49560000000000004,0,0,-2.0,41.14,0.9825433385864953
2026,W,24,SENIUK Mariia,ISR,152.61,22,24.0,58.61,32.15,26.46,94.0,44.64,50.36,76.79,76.82,0,COMPLETED,24.0,0.4999,0,0,-2.0,35.39,0.9996094766987765
2026,W,FNR,SCHIZAS Madeline,CAN,55.38,25,0.0,55.38,26.39,28.99,0.0,0.0,0.0,26.39,28.99,0,FNR,,0.4765,0,0,25.0,-55.38,0.9103139013452916
2026,W,FNR,SAFONOVA Viktoriia,AIN,54.57,26,0.0,54.57,29.15,25.42,0.0,0.0,0.0,29.15,25.42,0,FNR,,0.5342,0,0,26.0,-54.57,1.1467348544453184
2026,W,FNR,VARIAKOJYTE Meda,LTU,53.86,27,0.0,53.86,29.77,24.09,0.0,0.0,0.0,29.77,24.09,0,FNR,,0.5527000000000001,0,0,27.0,-53.86,1.2357824823578247
2026,W,FNR,FEIGIN Alexandra,BUL,53.42,28,0.0,53.42,28.77,24.65,0.0,0.0,0.0,28.77,24.65,0,FNR,,0.5386,0,0,28.0,-53.42,1.1671399594320486
2026,W,FNR,SPOURS Kristen,GBR,45.54,29,0.0,45.54,21.55,23.99,0.0,0.0,0.0,21.55,23.99,0,FNR,,0.4732,0,0,29.0,-45.54,0.8982909545644019
2022,M,1,CHEN Nathan,USA,332.6,1,1.0,113.97,65.98,47.99,218.63,121.41,97.22,187.39,145.21,1,COMPLETED,1.0,0.5634,1,1,0.0,104.66,1.2904758625439017
2022,M,2,KAGIYAMA Yuma,JPN,310.05,2,2.0,108.12,60.91,47.21,201.93,107.99,93.94,168.9,141.15,2,COMPLETED,2.0,0.5448,1,0,0.0,93.81,1.1965993623804463
2022,M,3,UNO Shoma,JPN,293.0,3,5.0,105.9,59.05,46.85,187.1,96.24,91.86,155.29,138.71,3,COMPLETED,3.0,0.5282,1,0,-2.0,81.19999999999999,1.119529954581501
2022,M,4,HANYU Yuzuru,JPN,283.21,8,3.0,95.15,48.07,47.08,188.06,99.62,90.44,147.69,137.52,0,COMPLETED,4.0,0.5178,0,0,5.0,92.91,1.0739528795811517
2022,M,5,CHA Junhwan,KOR,282.38,4,7.0,99.51,54.3,45.21,182.87,93.59,90.28,147.89,135.49,0,COMPLETED,5.0,0.5219,0,0,-3.0,83.36,1.0915196693482911
2022,M,6,BROWN Jason,USA,281.24,6,6.0,97.24,49.95,47.29,184.0,87.66,96.34,137.61,143.63,0,COMPLETED,6.0,0.4893,0,0,0.0,86.76,0.9580867506788276
2022,M,7,GRASSL Daniel,ITA,278.07,12,4.0,90.64,48.7,41.94,187.43,103.35,84.08,152.05,126.02,0,COMPLETED,7.0,0.5468,0,0,8.0,96.79,1.2065545151563246
2022,M,8,SEMENENKO Evgeni,ROC,274.13,7,9.0,95.76,55.23,40.53,178.37,94.81,83.56,150.04,124.09,0,COMPLETED,8.0,0.5473,0,0,-2.0,82.61,1.209122411153195
2022,M,9,JIN Boyang,CHN,270.43,11,8.0,90.98,51.62,39.36,179.45,97.23,82.22,148.85,121.58,0,COMPLETED,9.0,0.5504,0,0,3.0,88.46999999999998,1.224296759335417
2022,M,10,KVITELASHVILI Morisi,GEO,268.62,5,11.0,97.98,55.69,42.29,170.64,85.92,84.72,141.61,127.01,0,COMPLETED,10.0,0.5272,0,0,-6.0,72.65999999999998,1.114951578615857
2022,M,11,MESSING Keegan,CAN,265.61,9,10.0,93.24,49.3,43.94,172.37,84.13,88.24,133.43,132.18,0,COMPLETED,11.0,0.5024000000000001,0,0,-1.0,79.13000000000001,1.0094568013315177
2022,M,12,AYMOZ Kevin,FRA,254.8,10,15.0,93.0,49.93,43.07,161.8,76.6,86.2,126.53,129.27,0,COMPLETED,12.0,0.4946,0,0,-5.0,68.80000000000001,0.9788040535313683
2022,M,13,VASILJEVS Deniss,LAT,252.71,16,12.0,85.3,43.08,42.22,167.41,84.75,83.66,127.83,125.88,0,COMPLETED,13.0,0.5038,0,0,4.0,82.11,1.015490943755958
2022,M,14,SIAO HIM FA Adam,FRA,250.15,14,13.0,86.74,47.28,40.46,163.41,81.69,82.72,128.97,123.18,0,COMPLETED,14.0,0.5115,0,0,1.0,76.67,1.0470043838285434
2022,M,15,KONDRATIUK Mark,ROC,248.82,15,14.0,85.3,43.08,42.22,162.71,80.15,83.56,123.23,125.78,0,COMPLETED,15.0,0.4949,0,0,1.0,77.41000000000001,0.9797265065988233
2022,M,16,RIZZO Matteo,ITA,247.53,13,17.0,88.63,46.71,41.92,158.9,76.92,82.98,123.63,124.9,0,COMPLETED,16.0,0.4974,0,0,-4.0,70.27000000000001,0.9898318654923939
2022,M,17,KERRY Brendan,AUS,244.8,17,16.0,84.79,45.93,38.86,160.01,83.51,76.5,129.44,115.36,0,COMPLETED,17.0,0.5288,0,0,1.0,75.21999999999998,1.1220527045769764
2022,M,18,LITVINTSEV Vladimir,AZE,239.19,18,19.0,84.15,47.14,37.01,155.04,80.76,74.28,127.9,111.29,0,COMPLETED,18.0,0.5347,0,0,-1.0,70.88999999999999,1.149249707970168
2022,M,19,MOZALEV Andrei,ROC,233.33,23,18.0,77.05,36.76,41.29,156.28,79.48,78.8,116.24,120.09,0,COMPLETED,19.0,0.4919,0,0,5.0,79.23,0.9679407111333166
2022,M,20,MILYUKOV Konstantin,BLR,222.22,21,20.0,78.49,41.92,36.57,143.73,71.35,72.38,113.27,108.95,0,COMPLETED,20.0,0.5097,0,0,1.0,65.24,1.039651216154199
2022,M,21,MAJOROV Nikolaj,SWE,220.78,20,21.0,78.54,41.22,37.32,142.24,67.6,74.64,108.82,111.96,0,COMPLETED,21.0,0.4929,0,0,-1.0,63.7,0.9719542693819221
2022,M,22,CARRILLO Donovan,MEX,218.13,19,22.0,79.69,43.08,36.61,138.44,66.56,72.88,109.64,109.49,0,COMPLETED,22.0,0.5003,0,0,-3.0,58.75,1.0013699881267697
2022,M,23,BRITSCHGI Lukas,SUI,212.58,24,23.0,76.16,39.76,36.4,136.42,64.72,71.7,104.48,108.1,0,COMPLETED,23.0,0.4915,0,0,1.0,60.25999999999999,0.9665124884366328
2022,M,24,SHMURATKO Ivan,UKR,205.76,22,24.0,78.11,41.08,37.03,127.65,57.17,71.48,98.25,108.51,0,COMPLETED,24.0,0.4752,0,0,-2.0,49.540000000000006,0.905446502626486
2022,M,FNR,BREZINA Michal,CZE,75.19,25,0.0,75.19,36.69,39.5,0.0,0.0,0.0,36.69,39.5,0,FNR,,0.4816,0,0,25.0,-75.19,0.9288607594936709
2022,M,FNR,BYCHENKO Alexei,ISR,68.01,26,0.0,68.01,33.02,35.99,0.0,0.0,0.0,33.02,35.99,0,FNR,,0.47850000000000004,0,0,26.0,-68.01,0.9174770769658239
2022,M,FNR,LEE Sihyeong,KOR,65.69,27,0.0,65.69,30.75,35.94,0.0,0.0,0.0,30.75,35.94,0,FNR,,0.4611,0,0,27.0,-65.69,0.8555926544240401
2022,M,FNR,SELEVKO Aleksandr,EST,65.29,28,0.0,65.29,28.79,36.5,0.0,0.0,0.0,28.79,36.5,0,FNR,,0.441,0,0,28.0,-65.29,0.7887671232876712
2022,M,FNR,SADOVSKY Roman,CAN,62.77,29,0.0,62.77,24.99,37.78,0.0,0.0,0.0,24.99,37.78,0,FNR,,0.3981,0,0,29.0,-62.77,0.6614610905240867
2022,M,WD,ZHOU Vincent,USA,0.0,0,0.0,0.0,0.0,0.0,0.0,0.0,0.0,0.0,0.0,0,WD,,0.0,0,0,0.0,0.0,
2022,W,1,SHCHERBAKOVA Anna,ROC,255.95,2,2.0,80.2,42.87,37.33,175.75,100.49,75.26,143.36,112.59,1,COMPLETED,1.0,0.5600999999999999,1,1,0.0,95.55,1.2732924771294076
2022,W,2,TRUSOVA Alexandra,ROC,251.73,4,1.0,74.6,40.12,35.48,177.13,106.16,70.97,146.28,106.45,2,COMPLETED,2.0,0.5788,1,0,3.0,102.53,1.3741662752465946
2022,W,3,SAKAMOTO Kaori,JPN,233.13,3,3.0,79.84,43.22,36.62,153.29,78.9,74.39,122.12,111.01,3,COMPLETED,3.0,0.5238,1,0,0.0,73.44999999999999,1.1000810737771372
2022,W,4,HIGUCHI Wakaba,JPN,214.44,5,6.0,73.51,39.53,33.98,140.93,72.67,69.26,112.2,103.24,0,COMPLETED,4.0,0.5207999999999999,0,0,-1.0,67.42,1.086788066640837
2022,W,5,YOU Young,KOR,213.09,6,4.0,70.34,36.8,33.54,142.75,74.16,68.59,110.96,102.13,0,COMPLETED,5.0,0.5207,0,0,2.0,72.41,1.0864584353275237
2022,W,6,LIU Alysa,USA,208.95,8,7.0,69.5,36.85,32.65,139.45,71.95,67.5,108.8,100.15,0,COMPLETED,6.0,0.5207,0,0,1.0,69.94999999999999,1.0863704443334996
2022,W,7,HENDRICKX Loena,BEL,206.79,7,9.0,70.09,36.09,34.0,136.7,66.19,70.51,102.28,104.51,0,COMPLETED,7.0,0.4946,0,0,-2.0,66.60999999999999,0.9786623289637355
2022,W,8,KIM Yelim,KOR,202.63,9,11.0,67.78,35.27,32.51,134.85,68.61,66.24,103.88,98.75,0,COMPLETED,8.0,0.5127,0,0,-2.0,67.07,1.0519493670886075
2022,W,9,BELL Mariah,USA,202.3,11,8.0,65.38,33.43,32.95,136.92,68.25,68.67,101.68,101.62,0,COMPLETED,9.0,0.5001,0,0,3.0,71.53999999999999,1.0005904349537493
2022,W,10,GUBANOVA Anastasiia,GEO,200.98,10,10.0,65.4,34.43,30.97,135.58,70.06,65.52,104.49,96.49,0,COMPLETED,10.0,0.5199,0,0,0.0,70.18,1.0829101461291326
2022,W,11,KURAKOVA Ekaterina,POL,185.84,24,12.0,59.08,28.42,30.66,126.76,66.24,60.52,94.66,91.18,0,COMPLETED,11.0,0.5094,0,0,12.0,67.68,1.0381662645316954
2022,W,12,SAFONOVA Viktoriia,BLR,184.83,17,13.0,61.46,32.72,28.74,123.37,65.54,57.83,98.26,86.57,0,COMPLETED,12.0,0.5316,0,0,4.0,61.910000000000004,1.135035231604482
2022,W,13,MIKUTINA Olga,AUT,182.2,18,14.0,61.14,32.54,28.6,121.06,61.12,59.94,93.66,88.54,0,COMPLETED,13.0,0.5141,0,0,4.0,59.92,1.0578269708606278
2022,W,14,RYABOVA Ekaterina,AZE,179.97,16,15.0,61.82,32.43,29.39,118.15,59.58,58.57,92.01,87.96,0,COMPLETED,14.0,0.5113,0,0,1.0,56.330000000000005,1.0460436562073672
2022,W,15,CHEN Karen,USA,179.93,13,17.0,64.11,31.24,33.87,115.82,51.61,65.21,82.85,99.08,0,COMPLETED,15.0,0.45539999999999997,0,0,-4.0,51.709999999999994,0.8361929753734355
2022,W,16,SCHOTT Nicole,GER,177.65,14,19.0,63.13,33.01,30.12,114.52,56.28,60.24,89.29,90.36,0,COMPLETED,16.0,0.49700000000000005,0,0,-5.0,51.38999999999999,0.988158477202302
2022,W,17,van ZUNDERT Lindsay,NED,175.81,22,16.0,59.24,32.12,27.12,116.57,61.74,54.83,93.86,81.95,0,COMPLETED,17.0,0.5339,0,0,6.0,57.32999999999999,1.1453325198291642
2022,W,18,SCHIZAS Madeline,CAN,175.56,20,18.0,60.53,29.61,30.92,115.03,53.68,62.35,83.29,93.27,0,COMPLETED,18.0,0.4717,0,0,2.0,54.5,0.8929988206282836
2022,W,19,BREZINOVA Eliska,CZE,175.41,12,21.0,64.31,35.74,28.57,111.1,54.81,58.29,90.55,86.86,0,COMPLETED,19.0,0.5104,0,0,-9.0,46.78999999999999,1.0424821551922634
2022,W,20,KIIBUS Eva-Lotta,EST,171.75,21,20.0,59.55,30.89,29.66,112.2,54.27,58.93,85.16,88.59,0,COMPLETED,20.0,0.4901,0,0,1.0,52.650000000000006,0.9612823117733378
2022,W,21,PAGANINI Alexia,SUI,168.91,19,22.0,61.06,32.03,29.03,107.85,50.01,57.84,82.04,86.87,0,COMPLETED,21.0,0.4857,0,0,-3.0,46.78999999999999,0.9443996776792909
2022,W,22,KAWABE Mana,JPN,166.73,15,23.0,62.69,33.66,30.03,104.04,47.87,60.17,81.53,90.2,0,COMPLETED,22.0,0.47479999999999994,0,0,-8.0,41.35000000000001,0.903880266075388
2022,W,23,FEIGIN Alexandra,BUL,159.31,23,24.0,59.16,32.36,26.8,100.15,49.89,51.26,82.25,78.06,0,COMPLETED,23.0,0.5131,0,0,-1.0,40.99000000000001,1.0536766589802715
2022,W,24,SAARINEN Jenni,FIN,153.04,25,25.0,56.97,27.79,29.18,96.07,45.96,54.11,73.75,83.29,0,COMPLETED,24.0,0.4696,0,0,0.0,39.099999999999994,0.8854604394285027
2022,W,FNR,TALJEGARD Josefin,SWE,54.51,26,0.0,54.51,26.11,28.4,0.0,0.0,0.0,26.11,28.4,0,FNR,,0.479,0,0,26.0,-54.51,0.9193661971830986
2022,W,FNR,ZHU Yi,CHN,53.44,27,0.0,53.44,26.37,27.07,0.0,0.0,0.0,26.37,27.07,0,FNR,,0.4935,0,0,27.0,-53.44,0.9741411156261545
2022,W,FNR,McKAY Natasha,GBR,52.54,28,0.0,52.54,26.2,27.34,0.0,0.0,0.0,26.2,27.34,0,FNR,,0.4894,0,0,28.0,-52.54,0.958302852962692
2022,W,FNR,CRAINE Kailani,AUS,49.93,29,0.0,49.93,22.78,27.15,0.0,0.0,0.0,22.78,27.15,0,FNR,,0.4562,0,0,29.0,-49.93,0.8390423572744016
2022,W,FNR,SHABOTOVA Anastasiia,UKR,48.68,30,0.0,48.68,24.04,25.64,0.0,0.0,0.0,24.04,25.64,0,FNR,,0.4839,0,0,30.0,-48.68,0.937597503900156
2022,W,DSQ,VALIEVA Kamila,ROC,0.0,0,0.0,0.0,0.0,0.0,0.0,0.0,0.0,0.0,0.0,0,DSQ,,0.0,0,0,0.0,0.0,
2018,M,1,HANYU Yuzuru,JPN,317.85,1,2.0,111.68,63.18,48.5,206.17,109.55,96.62,172.73,145.12,1,COMPLETED,1.0,0.5434,1,1,-1.0,94.48999999999998,1.1902563395810364
2018,M,2,UNO Shoma,JPN,306.9,3,3.0,104.17,58.13,46.04,202.73,111.01,92.72,169.14,138.76,2,COMPLETED,2.0,0.5493,1,0,0.0,98.55999999999999,1.218939175554915
2018,M,3,FERNANDEZ Javier,ESP,305.24,2,4.0,107.58,59.79,47.79,197.66,101.52,96.14,161.31,143.93,3,COMPLETED,3.0,0.5285,1,0,-2.0,90.08,1.1207531438893907
2018,M,4,JIN Boyang,CHN,297.77,4,5.0,103.32,60.27,43.05,194.45,109.69,85.76,169.96,128.81,0,COMPLETED,4.0,0.5689,0,0,-1.0,91.13,1.319462774629299
2018,M,5,CHEN Nathan,USA,297.35,17,1.0,82.27,41.39,41.88,215.08,127.64,87.44,169.03,129.32,0,COMPLETED,5.0,0.5665,0,0,16.0,132.81,1.307067738942159
2018,M,6,ZHOU Vincent,USA,276.69,12,6.0,84.53,48.5,36.03,192.16,112.24,79.92,160.74,115.95,0,COMPLETED,6.0,0.5809000000000001,0,0,6.0,107.63,1.386287192755498
2018,M,7,ALIEV Dmitri,OAR,267.51,5,13.0,98.98,56.98,42.0,168.53,85.39,85.14,142.37,127.14,0,COMPLETED,7.0,0.5283,0,0,-8.0,69.55,1.119789208746264
2018,M,8,KOLYADA Mikhail,OAR,264.25,8,7.0,86.69,43.84,43.85,177.56,91.62,87.94,135.46,131.79,0,COMPLETED,8.0,0.5069,0,0,1.0,90.87,1.0278473328780637
2018,M,9,CHAN Patrick,CAN,263.43,6,8.0,90.01,45.08,45.93,173.42,81.56,91.86,126.64,137.79,0,COMPLETED,9.0,0.4789,0,0,-2.0,83.40999999999998,0.9190797590536324
2018,M,10,RIPPON Adam,USA,259.36,7,10.0,87.95,44.48,43.47,171.41,84.47,86.94,128.95,130.41,0,COMPLETED,10.0,0.4972,0,0,-3.0,83.46,0.9888045395291771
2018,M,11,BYCHENKO Alexei,ISR,257.01,13,9.0,84.13,43.63,40.5,172.88,89.08,83.8,132.71,124.3,0,COMPLETED,11.0,0.5164,0,0,4.0,88.75,1.0676588897827837
2018,M,12,MESSING Keegan,CAN,255.43,10,12.0,85.11,45.5,40.61,170.32,84.88,85.44,130.38,126.05,0,COMPLETED,12.0,0.5084000000000001,0,0,-2.0,85.21,1.0343514478381595
2018,M,13,SAMOHIN Daniel,ISR,251.44,18,11.0,80.69,43.29,38.4,170.75,89.03,81.72,132.32,120.12,0,COMPLETED,13.0,0.5242,0,0,7.0,90.06,1.1015651015651016
2018,M,14,HENDRICKX Jorik,BEL,248.95,11,16.0,84.74,44.17,40.57,164.21,81.79,82.42,125.96,122.99,0,COMPLETED,14.0,0.506,0,0,-5.0,79.47000000000001,1.0241483047402227
2018,M,15,CHA Junhwan,KOR,248.59,15,14.0,83.43,43.79,39.64,165.16,84.94,81.22,128.73,120.86,0,COMPLETED,15.0,0.5158,0,0,1.0,81.72999999999999,1.0651166639086547
2018,M,16,BREZINA Michal,CZE,246.07,9,18.0,85.15,44.34,40.81,160.92,76.58,84.34,120.92,125.15,0,COMPLETED,16.0,0.4914,0,0,-9.0,75.76999999999998,0.9662005593288054
2018,M,17,GE Misha,UZB,244.94,14,17.0,83.9,41.75,42.15,161.04,74.96,86.08,116.71,128.23,0,COMPLETED,17.0,0.4765,0,0,-3.0,77.13999999999999,0.9101614286828356
2018,M,18,TANAKA Keiji,JPN,244.83,20,15.0,80.05,40.3,40.75,164.78,85.64,81.14,125.94,121.89,0,COMPLETED,18.0,0.5082,0,0,5.0,84.73,1.033226679793256
2018,M,19,VASILJEVS Deniss,LAT,234.58,21,20.0,79.52,39.34,41.18,155.06,76.42,80.64,115.76,121.82,0,COMPLETED,19.0,0.48719999999999997,0,0,1.0,75.54,0.9502544738138238
2018,M,20,KERRY Brendan,AUS,233.81,16,21.0,83.06,45.49,37.57,150.75,73.33,77.42,118.82,114.99,0,COMPLETED,20.0,0.5082,0,0,-5.0,67.69,1.0333072441081832
2018,M,21,RIZZO Matteo,ITA,232.41,23,19.0,75.63,39.23,36.4,156.78,80.86,75.92,120.09,112.32,0,COMPLETED,21.0,0.5167,0,0,4.0,81.15,1.0691773504273505
2018,M,22,FENTZ Paul,GER,214.55,24,22.0,74.73,37.71,37.02,139.82,66.98,72.84,104.69,109.86,0,COMPLETED,22.0,0.488,0,0,2.0,65.08999999999999,0.9529401055889314
2018,M,23,YAN Han,CHN,213.01,19,23.0,80.63,40.99,40.64,132.38,53.8,79.58,94.79,120.22,0,COMPLETED,23.0,0.4409,0,0,-4.0,51.75,0.788471136250208
2018,M,24,KVITELASHVILI Morisi,GEO,204.57,22,24.0,76.56,40.88,36.68,128.01,63.35,70.66,104.23,107.34,0,COMPLETED,24.0,0.4927,0,0,-2.0,51.44999999999999,0.9710266443078069
2018,M,FNR,YEE Julian Zhi Jie,MAS,0.0,25,0.0,73.58,38.37,35.21,0.0,0.0,0.0,38.37,35.21,0,FNR,,0.5215,0,0,25.0,-73.58,1.0897472309003122
2018,M,FNR,BESSEGHIER Chafik,FRA,0.0,26,0.0,72.1,38.41,33.69,0.0,0.0,0.0,38.41,33.69,0,FNR,,0.5327000000000001,0,0,26.0,-72.1,1.1401009201543484
2018,M,FNR,TEN Denis,KAZ,0.0,27,0.0,70.12,30.77,39.35,0.0,0.0,0.0,30.77,39.35,0,FNR,,0.4388,0,0,27.0,-70.12,0.7819567979669632
2018,M,FNR,MARTINEZ Michael Christian,PHI,0.0,28,0.0,55.56,26.04,29.52,0.0,0.0,0.0,26.04,29.52,0,FNR,,0.46869999999999995,0,0,28.0,-55.56,0.8821138211382114
2018,M,FNR,MONTOYA Felipe,ESP,0.0,29,0.0,52.41,22.59,30.82,0.0,0.0,0.0,22.59,30.82,0,FNR,,0.423,0,0,29.0,-52.41,0.7329656067488644
2018,M,FNR,PANIOT Yaroslav,UKR,0.0,30,0.0,46.58,18.68,29.9,0.0,0.0,0.0,18.68,29.9,0,FNR,,0.3845,0,0,30.0,-46.58,0.6247491638795987
2018,W,1,ZAGITOVA Alina,OAR,239.57,1,2.0,82.92,45.3,37.62,156.65,81.62,75.03,126.92,112.65,1,COMPLETED,1.0,0.5297999999999999,1,1,-1.0,73.73,1.126675543719485
2018,W,2,MEDVEDEVA Evgenia,OAR,238.26,2,1.0,81.61,43.19,38.42,156.65,79.18,77.47,122.37,115.89,2,COMPLETED,2.0,0.5136,1,0,1.0,75.04,1.055915091897489
2018,W,3,OSMOND Kaetlyn,CAN,231.02,3,3.0,78.87,41.83,37.04,152.15,76.5,75.65,118.33,112.69,3,COMPLETED,3.0,0.5122,1,0,0.0,73.28,1.0500488064602005
2018,W,4,MIYAHARA Satoko,JPN,222.38,4,4.0,75.94,40.25,35.69,146.44,75.2,71.24,115.45,106.93,0,COMPLETED,4.0,0.5192,0,0,0.0,70.5,1.0796782942111662
2018,W,5,KOSTNER Carolina,ITA,212.44,6,5.0,73.15,35.06,38.09,139.29,63.64,75.65,98.7,113.74,0,COMPLETED,5.0,0.4646,0,0,1.0,66.13999999999999,0.8677685950413224
2018,W,6,SAKAMOTO Kaori,JPN,209.71,5,6.0,73.18,40.36,32.82,136.53,68.42,68.11,108.78,100.93,0,COMPLETED,6.0,0.5186999999999999,0,0,-1.0,63.349999999999994,1.0777766769047854
2018,W,7,CHOI Dabin,KOR,199.26,8,8.0,67.77,37.54,30.23,131.49,68.74,62.75,106.28,92.98,0,COMPLETED,7.0,0.5334,0,0,0.0,63.72000000000001,1.1430415143041515
2018,W,8,SOTSKOVA Maria,OAR,198.1,12,7.0,63.86,31.47,33.39,134.24,66.94,67.3,98.41,100.69,0,COMPLETED,8.0,0.4943,0,0,5.0,70.38000000000001,0.9773562419306783
2018,W,9,TENNELL Bradie,USA,192.35,11,9.0,64.01,35.5,29.51,128.34,65.41,62.93,100.91,92.44,0,COMPLETED,9.0,0.5219,0,0,2.0,64.33,1.0916270012981393
2018,W,10,NAGASU Mirai,USA,186.54,9,12.0,66.93,37.24,30.69,119.61,57.56,62.05,94.8,92.74,0,COMPLETED,10.0,0.5055,0,0,-3.0,52.67999999999999,1.02221263748113
2018,W,11,CHEN Karen,USA,185.65,10,11.0,65.9,33.53,32.37,119.75,56.65,64.1,90.18,96.47,0,COMPLETED,11.0,0.4832,0,0,-1.0,53.849999999999994,0.934798382916969
2018,W,12,TURSYNBAEVA Elizabet,KAZ,177.12,15,13.0,58.82,29.14,29.68,118.3,60.5,58.8,89.64,88.48,0,COMPLETED,12.0,0.5033,0,0,2.0,59.48,1.0131103074141048
2018,W,13,KIM Hanul,KOR,175.71,21,10.0,54.33,29.41,24.92,121.38,67.03,54.35,96.44,79.27,0,COMPLETED,13.0,0.5489,0,0,11.0,67.05,1.216601488583323
2018,W,14,RAJICOVA Nicole,SVK,175.19,13,15.0,60.59,32.36,28.23,114.6,57.8,56.8,90.16,85.03,0,COMPLETED,14.0,0.5146000000000001,0,0,-2.0,54.00999999999999,1.0603316476537692
2018,W,15,DALEMAN Gabrielle,CAN,172.46,7,19.0,68.9,35.9,33.0,103.56,45.81,61.75,81.71,94.75,0,COMPLETED,15.0,0.4631,0,0,-12.0,34.66,0.8623746701846965
2018,W,16,HENDRICKX Loena,BEL,171.88,20,14.0,55.16,27.79,27.37,116.72,60.73,55.99,88.52,83.36,0,COMPLETED,16.0,0.515,0,0,6.0,61.56,1.0619001919385795
2018,W,17,CRAINE Kailani,AUS,168.61,16,16.0,56.77,30.36,26.41,111.84,57.89,53.95,88.25,80.36,0,COMPLETED,17.0,0.5234000000000001,0,0,0.0,55.07,1.0981831757093081
2018,W,18,SCHOTT Nicole,GER,168.46,14,17.0,59.2,31.62,27.58,114.6,57.8,56.8,89.42,84.38,0,COMPLETED,18.0,0.5145000000000001,0,0,-3.0,55.39999999999999,1.0597297937899977
2018,W,19,MEITE Mae Berenice,FRA,159.92,22,18.0,53.67,28.24,25.43,106.25,55.13,52.12,83.37,77.55,0,COMPLETED,19.0,0.5181,0,0,4.0,52.58,1.0750483558994197
2018,W,20,PELTONEN Emmi,FIN,157.14,18,21.0,55.28,28.48,27.8,101.86,46.41,56.45,74.89,84.25,0,COMPLETED,20.0,0.4706,0,0,-3.0,46.58,0.8889020771513353
2018,W,21,PAGANINI Alexia,SUI,156.26,19,22.0,55.26,29.99,25.27,101.0,50.94,50.06,80.93,75.33,0,COMPLETED,21.0,0.5179,0,0,-3.0,45.74,1.074339572547458
2018,W,22,LI Xiangning,CHN,154.43,24,20.0,52.46,27.27,26.19,101.97,50.56,51.41,77.83,77.6,0,COMPLETED,22.0,0.5007,0,0,4.0,49.51,1.0029639175257732
2018,W,23,TOTH Ivett,HUN,150.43,23,23.0,53.22,27.6,25.62,97.21,49.82,50.39,77.42,76.01,0,COMPLETED,23.0,0.5046,0,0,0.0,43.989999999999995,1.018550190764373
2018,W,24,WILLIAMS Isadora,BRA,144.18,17,24.0,55.74,29.83,25.91,88.44,38.39,51.05,68.22,76.96,0,COMPLETED,24.0,0.46990000000000004,0,0,-7.0,32.699999999999996,0.8864345114345115
2018,W,FNR,AUSTMAN Larkyn,CAN,0.0,25,26.0,51.42,25.93,26.49,0.0,0.0,0.0,25.93,26.49,0,FNR,,0.4947,0,0,-1.0,-51.42,0.9788599471498679
2018,W,FNR,NIKITINA Diana,LAT,0.0,26,26.0,51.12,26.35,24.77,0.0,0.0,0.0,26.35,24.77,0,FNR,,0.5155,0,0,0.0,-51.12,1.063786838918046
2018,W,FNR,RUSSO Giada,ITA,0.0,27,26.0,50.88,25.9,25.98,0.0,0.0,0.0,25.9,25.98,0,FNR,,0.49920000000000003,0,0,1.0,-50.88,0.9969207082371054
2018,W,FNR,OESTLUND Anita,SWE,0.0,28,26.0,49.14,25.35,23.79,0.0,0.0,0.0,25.35,23.79,0,FNR,,0.5159,0,0,2.0,-49.14,1.0655737704918034
2018,W,FNR,KHNYCHENKOVA Anna,UKR,0.0,29,26.0,47.59,26.66,22.93,0.0,0.0,0.0,26.66,22.93,0,FNR,,0.5376,0,0,3.0,-47.59,1.1626689925861318
2018,W,FNR,MAMBEKOVA Aiza,KAZ,0.0,30,26.0,44.4,21.29,23.11,0.0,0.0,0.0,21.29,23.11,0,FNR,,0.47950000000000004,0,0,4.0,-44.4,0.9212462137602769
2014,M,1,HANYU Yuzuru,JPN,280.09,1,1.0,101.45,54.84,46.61,178.64,89.66,90.98,144.5,137.59,1,COMPLETED,1.0,0.5122,1,1,0.0,77.18999999999998,1.0502216730867069
2014,M,2,CHAN Patrick,CAN,275.62,2,2.0,97.52,50.34,47.18,178.1,85.4,92.7,135.74,139.88,2,COMPLETED,2.0,0.4925,1,0,0.0,80.58,0.9704032027452103
2014,M,3,TEN Denis,KAZ,255.1,9,3.0,84.06,43.49,41.57,171.04,88.9,82.14,132.39,123.71,3,COMPLETED,3.0,0.5169,1,0,6.0,86.97999999999999,1.0701640934443455
2014,M,4,FERNANDEZ Javier,ESP,253.92,3,5.0,86.98,43.87,43.11,166.94,77.8,89.14,121.67,132.25,0,COMPLETED,4.0,0.4792,0,0,-2.0,79.96,0.92
2014,M,5,MACHIDA Tatsuki,JPN,253.42,11,4.0,83.48,40.98,42.5,169.94,88.22,82.72,129.2,125.22,0,COMPLETED,5.0,0.5078,0,0,7.0,86.46,1.0317840600543045
2014,M,6,TAKAHASHI Daisuke,JPN,250.67,4,6.0,86.4,41.75,44.65,164.27,73.27,91.0,115.02,135.65,0,COMPLETED,6.0,0.45890000000000003,0,0,-2.0,77.87,0.8479174345742719
2014,M,7,YAN Han,CHN,246.2,8,7.0,85.66,44.94,40.72,160.54,80.6,79.94,125.54,120.66,0,COMPLETED,7.0,0.5099,0,0,1.0,74.88,1.040444223437759
2014,M,8,LIEBERS Peter,GER,239.87,5,9.0,86.04,47.26,38.78,153.83,75.97,78.86,123.23,117.64,0,COMPLETED,8.0,0.5115999999999999,0,0,-4.0,67.79,1.0475178510710643
2014,M,9,BROWN Jason,USA,238.37,6,11.0,86.0,45.39,40.61,152.37,68.09,84.28,113.48,124.89,0,COMPLETED,9.0,0.47609999999999997,0,0,-5.0,66.37,0.9086396028505085
2014,M,10,BREZINA Michal,CZE,233.62,12,13.0,81.95,42.2,39.75,151.67,75.31,77.36,117.51,117.11,0,COMPLETED,10.0,0.5009,0,0,-1.0,69.71999999999998,1.003415592178294
2014,M,11,VERNER Tomas,CZE,232.99,13,12.0,81.09,42.11,39.98,151.9,73.98,78.92,116.09,118.9,0,COMPLETED,11.0,0.494,0,0,1.0,70.81,0.9763666947014298
2014,M,12,ABBOTT Jeremy,USA,232.7,15,8.0,72.58,37.21,37.37,160.12,78.1,82.02,115.31,119.39,0,COMPLETED,12.0,0.4913,0,0,7.0,87.54,0.9658262836083424
2014,M,13,JOUBERT Brian,FRA,231.77,7,14.0,85.84,45.11,40.73,145.93,69.51,76.42,114.62,117.15,0,COMPLETED,13.0,0.49450000000000005,0,0,-7.0,60.09,0.9784037558685446
2014,M,14,MAJOROV Alexander,SWE,224.86,10,16.0,83.81,45.52,38.29,141.05,66.05,75.0,111.57,113.29,0,COMPLETED,14.0,0.4962,0,0,-6.0,57.24000000000001,0.9848177244240444
2014,M,15,REYNOLDS Kevin,CAN,222.23,17,10.0,68.76,33.98,36.78,153.47,79.83,73.64,113.81,110.42,0,COMPLETED,15.0,0.5075999999999999,0,0,7.0,84.71,1.0307009599710197
2014,M,16,HENDRICKX Jorik,BEL,214.04,16,15.0,72.52,39.88,32.64,141.52,73.88,67.64,113.76,100.28,0,COMPLETED,16.0,0.5315,0,0,1.0,69.00000000000001,1.1344236138811328
2014,M,17,GE Misha,UZB,203.26,18,17.0,68.07,35.64,32.43,135.19,69.63,65.56,105.27,97.99,0,COMPLETED,17.0,0.5179,0,0,1.0,67.12,1.0742932952342077
2014,M,18,AMODIO Florent,FRA,198.64,14,18.0,75.58,35.79,39.79,123.06,49.0,74.06,84.79,113.85,0,COMPLETED,18.0,0.4269,0,0,-4.0,47.480000000000004,0.744751866490997
2014,M,19,MARTINEZ Michael Christian,PHI,184.25,19,20.0,64.81,33.31,31.5,119.44,62.58,57.86,95.89,89.36,0,COMPLETED,19.0,0.5176,0,0,-1.0,54.629999999999995,1.0730752014324083
2014,M,20,GODOROZHA Yakov,UKR,182.19,21,19.0,62.65,34.08,28.57,119.54,65.12,54.42,99.2,82.99,0,COMPLETED,20.0,0.5445,0,0,2.0,56.89000000000001,1.1953247379202314
2014,M,21,BYCHENKO Alexei,ISR,177.06,22,21.0,62.44,32.05,31.39,114.62,59.96,55.66,92.01,87.05,0,COMPLETED,21.0,0.5139,0,0,1.0,52.18000000000001,1.0569787478460655
2014,M,22,RAKIMGALIEV Abzal,KAZ,174.4,20,22.0,64.18,34.5,29.68,110.22,53.92,56.3,88.42,85.98,0,COMPLETED,22.0,0.507,0,0,-2.0,46.03999999999999,1.028378692719237
2014,M,23,KELEMEN Zoltan,ROU,158.76,24,23.0,60.41,30.4,30.01,98.35,50.27,51.08,80.67,81.09,0,COMPLETED,23.0,0.4987,0,0,1.0,37.94,0.9948205697373289
2014,M,24,ROMANENKOV Viktor,EST,139.99,23,24.0,61.55,34.16,27.39,78.44,32.42,48.02,66.58,75.41,0,COMPLETED,24.0,0.4689,0,0,-1.0,16.89,0.8829067762896168
2014,M,FNR,RAYA Javier,ESP,0.0,25,0.0,59.76,28.91,30.85,0.0,0.0,0.0,28.91,30.85,0,FNR,,0.4838,0,0,25.0,-59.76,0.9371150729335493
2014,M,FNR,PFEIFER Viktor,AUT,0.0,26,0.0,56.6,25.23,31.37,0.0,0.0,0.0,25.23,31.37,0,FNR,,0.4458,0,0,26.0,-56.6,0.8042715970672617
2014,M,FNR,PARKINSON Paul Bonifacio,ITA,0.0,27,0.0,56.3,28.91,28.39,0.0,0.0,0.0,28.91,28.39,0,FNR,,0.5045000000000001,0,0,27.0,-56.3,1.0183163085593518
2014,M,FNR,FIRUS Liam,CAN,0.0,28,0.0,55.04,27.47,29.57,0.0,0.0,0.0,27.47,29.57,0,FNR,,0.4816,0,0,28.0,-55.04,0.9289820764288129
2014,M,FNR,KERRY Brendan,AUS,0.0,29,0.0,47.12,21.87,26.25,0.0,0.0,0.0,21.87,26.25,0,FNR,,0.4545,0,0,29.0,-47.12,0.8331428571428572
2014,M,WD,PLYUSHCHENKO Evgeny,RUS,0.0,0,0.0,0.0,0.0,0.0,0.0,0.0,0.0,0.0,0.0,0,WD,,0.0,0,0,0.0,0.0,
2014,W,1,SOTNIKOVA Adelina,RUS,224.59,2,1.0,74.64,39.09,35.55,149.95,75.54,74.41,114.63,109.96,1,COMPLETED,1.0,0.5104,1,1,1.0,75.30999999999999,1.0424699890869407
2014,W,2,KIM Yuna,KOR,219.11,1,2.0,74.92,39.03,35.89,144.19,69.69,74.5,108.72,110.39,2,COMPLETED,2.0,0.4962,1,0,-1.0,69.27,0.9848718180994656
2014,W,3,KOSTNER Carolina,ITA,216.73,3,4.0,74.12,37.49,36.63,142.61,68.84,73.77,106.33,110.4,3,COMPLETED,3.0,0.49060000000000004,1,0,-1.0,68.49000000000001,0.9631340579710145
2014,W,4,GOLD Gracie,USA,205.53,4,5.0,68.63,36.55,32.08,136.9,69.57,68.33,106.12,100.41,0,COMPLETED,4.0,0.5138,0,0,-1.0,68.27000000000001,1.0568668459316801
2014,W,5,LIPNITSKAYA Yulia,RUS,200.57,5,6.0,65.23,33.15,33.08,135.34,66.28,70.06,99.43,103.14,0,COMPLETED,5.0,0.49079999999999996,0,0,-1.0,70.11,0.9640294745006788
2014,W,6,ASADA Mao,JPN,198.22,16,3.0,55.51,22.63,33.88,142.71,73.03,69.68,95.66,103.56,0,COMPLETED,6.0,0.4802,0,0,13.0,87.20000000000002,0.9237157203553495
2014,W,7,WAGNER Ashley,USA,193.2,6,7.0,65.21,31.43,33.78,127.99,61.07,66.92,92.5,100.7,0,COMPLETED,7.0,0.4788,0,0,-1.0,62.78,0.9185700099304865
2014,W,8,SUZUKI Akiko,JPN,186.32,8,8.0,60.97,28.71,32.26,125.35,60.57,65.78,89.28,98.04,0,COMPLETED,8.0,0.47659999999999997,0,0,0.0,64.38,0.9106487148102814
2014,W,9,EDMUNDS Polina,USA,183.25,7,9.0,61.04,32.98,28.06,122.21,63.02,60.19,96.0,88.25,0,COMPLETED,9.0,0.521,0,0,-2.0,61.169999999999995,1.0878186968838528
2014,W,10,MEITE Mae Berenice,FRA,174.53,9,11.0,58.63,30.83,27.8,115.9,60.86,56.04,91.69,83.84,0,COMPLETED,10.0,0.5224,0,0,-2.0,57.27,1.0936307251908397
2014,W,11,MARCHEI Valentina,ITA,173.33,12,10.0,57.02,27.52,29.5,116.31,55.56,60.75,83.08,90.25,0,COMPLETED,11.0,0.4793,0,0,2.0,59.29,0.9205540166204986
2014,W,12,MURAKAMI Kanako,JPN,170.98,15,12.0,55.6,26.72,28.88,115.38,56.96,58.42,83.68,87.3,0,COMPLETED,12.0,0.4894,0,0,3.0,59.779999999999994,0.9585337915234824
2014,W,13,OSMOND Kaetlyn,CAN,168.98,13,13.0,56.18,27.51,28.67,112.8,55.97,57.83,83.48,86.5,0,COMPLETED,13.0,0.4911,0,0,0.0,56.62,0.9650867052023122
2014,W,14,LI Zijun,CHN,168.3,11,14.0,57.55,30.01,27.54,110.75,55.79,54.96,85.8,82.5,0,COMPLETED,14.0,0.5097999999999999,0,0,-3.0,53.2,1.04
2014,W,15,ZHANG Kexin,CHN,154.21,14,15.0,55.8,32.68,23.12,98.41,49.84,48.57,82.52,71.69,0,COMPLETED,15.0,0.5351,0,0,-1.0,42.61,1.1510670944343702
2014,W,16,KIM Haejin,KOR,149.48,18,17.0,54.37,29.23,25.14,95.11,45.25,50.86,74.48,76.0,0,COMPLETED,16.0,0.4949,0,0,1.0,40.74,0.9800000000000001
2014,W,17,DALEMAN Gabrielle,CAN,148.44,19,16.0,52.61,28.07,24.54,95.83,48.4,47.43,76.47,71.97,0,COMPLETED,17.0,0.5152,0,0,3.0,43.22,1.062526052521884
2014,W,18,WEINZIERL Nathalie,GER,147.36,10,21.0,57.63,31.94,25.69,89.73,38.47,52.26,70.41,77.95,0,COMPLETED,18.0,0.4746,0,0,-11.0,32.1,0.9032713277742141
2014,W,19,GEDEVANISHVILI Elene,GEO,147.15,17,20.0,54.7,27.51,27.19,92.45,39.85,53.6,67.36,80.79,0,COMPLETED,19.0,0.4547,0,0,-3.0,37.75,0.8337665552667408
2014,W,20,HAN Brooklee,AUS,143.84,22,18.0,49.32,26.37,22.95,94.52,48.71,46.81,75.08,69.76,0,COMPLETED,20.0,0.5184000000000001,0,0,4.0,45.199999999999996,1.076261467889908
2014,W,21,PARK So Youn,KOR,142.97,23,19.0,49.14,25.35,23.79,93.83,48.72,46.11,74.07,69.9,0,COMPLETED,21.0,0.5145000000000001,0,0,4.0,44.69,1.0596566523605149
2014,W,22,UKOLOVA Elizaveta,CZE,136.42,20,23.0,51.87,29.72,22.15,84.55,42.94,43.61,72.66,65.76,0,COMPLETED,22.0,0.5249,0,0,-3.0,32.68,1.1049270072992698
2014,W,23,GJERSEM Anne Line,NOR,134.54,24,22.0,48.56,26.13,22.43,85.98,41.24,44.74,67.37,67.17,0,COMPLETED,23.0,0.5007,0,0,2.0,37.42,1.0029775197260682
2014,W,24,RAJICOVA Nicole,SVK,125.0,21,24.0,49.8,26.63,23.17,75.2,30.39,45.81,57.02,68.98,0,COMPLETED,24.0,0.4525,0,0,-3.0,25.400000000000006,0.8266164105537837
2014,W,FNR,McCORKELL Jenna,GBR,0.0,25,0.0,48.34,25.34,23.0,0.0,0.0,0.0,25.34,23.0,0,FNR,,0.5242,0,0,25.0,-48.34,1.1017391304347826
2014,W,FNR,FRANK Kerstin,AUT,0.0,26,0.0,48.0,26.64,21.36,0.0,0.0,0.0,26.64,21.36,0,FNR,,0.555,0,0,26.0,-48.0,1.2471910112359552
2014,W,FNR,HELGESSON Viktoria,SWE,0.0,27,0.0,47.84,21.83,27.01,0.0,0.0,0.0,21.83,27.01,0,FNR,,0.447,0,0,27.0,-47.84,0.8082191780821917
2014,W,FNR,POPOVA Natalia,UKR,0.0,28,0.0,47.42,24.3,23.12,0.0,0.0,0.0,24.3,23.12,0,FNR,,0.5124,0,0,28.0,-47.42,1.051038062283737
2014,W,FNR,GLEBOVA Elena,EST,0.0,29,0.0,46.19,22.59,23.6,0.0,0.0,0.0,22.59,23.6,0,FNR,,0.4891,0,0,29.0,-46.19,0.9572033898305085
2014,W,FNR,WILLIAMS Isadora,BRA,0.0,30,0.0,40.37,18.93,21.44,0.0,0.0,0.0,18.93,21.44,0,FNR,,0.4689,0,0,30.0,-40.37,0.8829291044776119
2010,M,1,LYSACEK Evan,USA,257.67,2,1.0,90.3,48.3,42.0,167.37,84.57,82.8,132.87,124.8,1,COMPLETED,1.0,0.5157,1,1,1.0,77.07000000000001,1.0646634615384616
2010,M,2,PLUSHENKO Evgeni,RUS,256.36,1,2.0,90.85,51.1,39.75,165.51,82.71,82.8,133.81,122.55,2,COMPLETED,2.0,0.522,1,0,-1.0,74.66,1.0918808649530805
2010,M,3,TAKAHASHI Daisuke,JPN,247.23,3,5.0,90.25,48.9,41.35,156.98,73.48,84.5,122.38,125.85,3,COMPLETED,3.0,0.493,1,0,-2.0,66.72999999999999,0.9724274930472785
2010,M,4,LAMBIEL Stephane,SUI,246.72,5,3.0,84.63,41.48,43.15,162.09,78.49,83.6,119.97,126.75,0,COMPLETED,4.0,0.4863,0,0,2.0,77.46000000000001,0.9465088757396449
2010,M,5,CHAN Patrick,CAN,241.42,7,4.0,81.12,41.42,40.7,160.3,79.3,82.0,120.72,122.7,0,COMPLETED,5.0,0.4959,0,0,3.0,79.18,0.9838630806845965
2010,M,6,WEIR Johnny,USA,238.87,6,6.0,82.1,42.9,39.2,156.77,79.67,77.1,122.57,116.3,0,COMPLETED,6.0,0.5131,0,0,0.0,74.67000000000002,1.0539122957867584
2010,M,7,ODA Nobunari,JPN,238.54,4,7.0,84.85,46.0,38.85,153.69,79.69,77.0,125.69,115.85,0,COMPLETED,7.0,0.5204,0,0,-3.0,68.84,1.0849374190763919
2010,M,8,KOZUKA Takahiko,JPN,231.19,8,8.0,79.59,42.14,37.45,151.6,78.4,74.2,120.54,111.65,0,COMPLETED,8.0,0.5191,0,0,0.0,72.00999999999999,1.0796238244514107
2010,M,9,ABBOTT Jeremy,USA,218.96,15,9.0,69.4,30.7,38.7,149.56,71.56,79.0,102.26,117.7,0,COMPLETED,9.0,0.46490000000000004,0,0,6.0,80.16,0.8688190314358539
2010,M,10,BREZINA Michal,CZE,216.73,9,11.0,78.8,42.5,36.3,137.93,67.43,71.5,109.93,107.8,0,COMPLETED,10.0,0.5049,0,0,-2.0,59.13000000000001,1.0197588126159556
2010,M,11,TEN Denis,KAZ,211.25,10,14.0,76.24,41.24,35.0,135.01,67.61,67.4,108.85,102.4,0,COMPLETED,11.0,0.5153,0,0,-4.0,58.769999999999996,1.0629882812499998
2010,M,12,AMODIO Florent,FRA,210.3,11,15.0,75.35,41.9,33.45,134.95,63.25,71.7,105.15,105.15,0,COMPLETED,12.0,0.5,0,0,-4.0,59.599999999999994,1.0
2010,M,13,BORODULIN Artem,RUS,210.16,13,12.0,72.24,39.94,32.3,137.92,72.62,65.3,112.56,97.6,0,COMPLETED,13.0,0.5356000000000001,0,0,1.0,65.67999999999999,1.1532786885245903
2010,M,14,FERNANDEZ Javier,ESP,206.68,16,10.0,68.69,37.64,31.05,137.99,68.19,70.8,105.83,101.85,0,COMPLETED,14.0,0.5096,0,0,6.0,69.30000000000001,1.0390770741286206
2010,M,15,SCHULTHEISS Adrian,SWE,200.44,22,13.0,63.13,32.78,30.35,137.31,74.01,63.3,106.79,93.65,0,COMPLETED,15.0,0.5328,0,0,9.0,74.18,1.1403096636412173
2010,M,16,JOUBERT Brian,FRA,200.22,18,16.0,68.0,31.9,37.1,132.22,59.12,74.1,91.02,111.2,0,COMPLETED,16.0,0.4501,0,0,2.0,64.22,0.8185251798561151
2010,M,17,van der PERREN Kevin,BEL,189.84,12,18.0,72.9,39.2,33.7,116.94,54.04,62.9,93.24,96.6,0,COMPLETED,17.0,0.49119999999999997,0,0,-6.0,44.03999999999999,0.9652173913043478
2010,M,18,CONTESTI Samuel,ITA,187.5,14,19.0,70.6,36.6,35.0,116.9,50.2,66.7,86.8,101.7,0,COMPLETED,18.0,0.46049999999999996,0,0,-5.0,46.30000000000001,0.8534906588003932
2010,M,19,VERNER Tomas,CZE,184.74,19,17.0,65.32,30.02,36.3,119.42,52.62,67.8,82.64,104.1,0,COMPLETED,19.0,0.4425,0,0,2.0,54.10000000000001,0.793852065321806
2010,M,20,BACCHINI Paolo,ITA,177.21,20,22.0,64.42,34.82,29.6,112.79,55.19,57.6,90.01,87.2,0,COMPLETED,20.0,0.5079,0,0,-2.0,48.370000000000005,1.0322247706422019
2010,M,21,PFEIFER Viktor,AUT,175.93,23,20.0,60.88,34.08,26.8,115.05,61.25,54.8,95.33,81.6,0,COMPLETED,21.0,0.5388000000000001,0,0,3.0,54.169999999999995,1.1682598039215686
2010,M,22,LINDEMANN Stefan,GER,171.98,17,23.0,68.5,37.7,30.8,103.48,46.68,56.8,84.38,87.6,0,COMPLETED,22.0,0.49060000000000004,0,0,-6.0,34.980000000000004,0.9632420091324201
2010,M,23,CHIPEUR Vaughn,CAN,170.92,24,21.0,57.22,30.22,27.0,113.7,55.1,58.6,85.32,85.6,0,COMPLETED,23.0,0.49920000000000003,0,0,3.0,56.480000000000004,0.9967289719626168
2010,M,24,KOVALEVSKI Anton,UKR,165.9,21,24.0,63.81,36.66,27.15,102.09,49.99,55.1,86.65,82.25,0,COMPLETED,24.0,0.513,0,0,-3.0,38.28,1.0534954407294834
2010,M,FNR,RI Song Chol,PRK,0.0,25,0.0,56.6,33.4,23.2,0.0,0.0,0.0,33.4,23.2,0,FNR,,0.5901,0,0,25.0,-56.6,1.4396551724137931
2010,M,FNR,RAKIMGALIEV Abzal,KAZ,0.0,26,0.0,55.88,32.48,23.4,0.0,0.0,0.0,32.48,23.4,0,FNR,,0.5811999999999999,0,0,26.0,-55.88,1.388034188034188
2010,M,FNR,URBAS Gregor,SLO,0.0,27,0.0,53.02,28.92,24.1,0.0,0.0,0.0,28.92,24.1,0,FNR,,0.5455,0,0,27.0,-53.02,1.2
2010,M,FNR,DOMANSKI Przemyslaw,POL,0.0,28,0.0,52.14,28.44,23.7,0.0,0.0,0.0,28.44,23.7,0,FNR,,0.5455,0,0,28.0,-52.14,1.2000000000000002
2010,M,FNR,KELEMEN Zoltan,ROU,0.0,29,0.0,51.95,27.4,25.55,0.0,0.0,0.0,27.4,25.55,0,FNR,,0.5175,0,0,29.0,-51.95,1.0724070450097847
2010,M,FNR,NURMENKARI Ari-Pekka,FIN,0.0,30,0.0,44.62,22.72,22.9,0.0,0.0,0.0,22.72,22.9,0,FNR,,0.498,0,0,30.0,-44.62,0.9921397379912664
2010,W,1,KIM Yu-Na,KOR,228.56,1,1.0,78.5,44.7,33.8,150.06,78.3,71.76,123.0,105.56,1,COMPLETED,1.0,0.5382,1,1,0.0,71.56,1.165214096248579
2010,W,2,ASADA Mao,JPN,205.5,2,2.0,73.78,41.5,32.28,131.72,64.68,67.04,106.18,99.32,2,COMPLETED,2.0,0.5167,1,0,0.0,57.94,1.0690696737817158
2010,W,3,ROCHETTE Joannie,CAN,202.64,3,3.0,71.36,39.2,32.16,131.28,62.8,68.48,102.0,100.64,3,COMPLETED,3.0,0.5034000000000001,1,0,0.0,59.92,1.0135135135135136
2010,W,4,NAGASU Mirai,USA,190.15,6,5.0,63.76,37.0,26.76,126.39,65.83,60.56,102.83,87.32,0,COMPLETED,4.0,0.5408,0,0,1.0,62.63,1.1776225377920293
2010,W,5,ANDO Miki,JPN,188.86,4,6.0,64.76,34.8,29.96,124.1,62.5,61.6,97.3,91.56,0,COMPLETED,5.0,0.5152,0,0,-2.0,59.33999999999999,1.0626911314984708
2010,W,6,LEPISTO Laura,FIN,187.97,10,4.0,61.36,32.88,28.48,126.61,63.89,62.72,96.77,91.2,0,COMPLETED,6.0,0.5147999999999999,0,0,6.0,65.25,1.0610745614035086
2010,W,7,FLATT Rachael,USA,182.49,5,8.0,64.64,36.8,27.84,117.85,59.37,58.48,96.17,86.32,0,COMPLETED,7.0,0.527,0,0,-3.0,53.209999999999994,1.1141102873030584
2010,W,8,SUZUKI Akiko,JPN,181.44,11,7.0,61.02,33.1,27.92,120.42,60.98,59.44,94.08,87.36,0,COMPLETED,8.0,0.5185,0,0,4.0,59.4,1.0769230769230769
2010,W,9,LEONOVA Alena,RUS,172.46,8,10.0,62.14,33.9,28.24,110.32,55.84,54.48,89.74,82.72,0,COMPLETED,9.0,0.5204,0,0,-2.0,48.17999999999999,1.0848646034816247
2010,W,10,MAKAROVA Ksenia,RUS,171.91,12,9.0,59.22,35.46,23.76,112.69,58.77,53.92,94.23,77.68,0,COMPLETED,10.0,0.5481,0,0,3.0,53.47,1.213053553038105
2010,W,11,KORPI Kiira,FIN,161.57,17,11.0,52.96,27.72,26.24,108.61,54.93,53.68,82.65,79.92,0,COMPLETED,11.0,0.5084000000000001,0,0,6.0,55.65,1.0341591591591592
2010,W,12,PHANEUF Cynthia,CAN,156.62,14,13.0,57.16,31.8,26.36,99.46,48.94,51.52,80.74,77.88,0,COMPLETED,12.0,0.509,0,0,1.0,42.3,1.036723163841808
2010,W,13,KWAK Min-Jung,KOR,155.53,16,12.0,53.16,31.4,21.76,102.37,53.57,48.8,84.97,70.56,0,COMPLETED,13.0,0.5463,0,0,4.0,49.21000000000001,1.2042233560090703
2010,W,14,GEDEVANISHVILI Elene,GEO,155.24,9,17.0,61.92,35.8,26.12,93.32,40.64,53.68,76.44,79.8,0,COMPLETED,14.0,0.4892,0,0,-8.0,31.39999999999999,0.9578947368421052
2010,W,15,MEIER Sarah,SUI,152.81,15,14.0,56.7,30.7,26.0,96.11,43.87,52.24,74.57,78.24,0,COMPLETED,15.0,0.488,0,0,1.0,39.41,0.9530930470347648
2010,W,16,KOSTNER Carolina,ITA,151.9,7,19.0,63.02,33.34,29.68,88.88,34.84,57.04,68.18,86.72,0,COMPLETED,16.0,0.44020000000000004,0,0,-12.0,25.859999999999992,0.7862084870848709
2010,W,17,SEBESTYEN Julia,HUN,151.26,13,16.0,57.46,30.7,26.76,93.8,41.32,52.48,72.02,79.24,0,COMPLETED,17.0,0.47609999999999997,0,0,-3.0,36.339999999999996,0.908884401817264
2010,W,18,HECKEN Sarah,GER,143.94,23,15.0,49.04,27.04,22.0,94.9,50.98,43.92,78.02,65.92,0,COMPLETED,18.0,0.542,0,0,8.0,45.86000000000001,1.1835558252427183
2010,W,19,LIU Yan,CHN,143.47,19,18.0,51.74,29.94,21.8,91.73,49.33,42.4,79.27,64.2,0,COMPLETED,19.0,0.5525,0,0,1.0,39.99,1.2347352024922118
2010,W,20,LEE Cheltzie,AUS,138.16,18,20.0,52.16,30.72,21.44,86.0,42.44,44.56,73.16,66.0,0,COMPLETED,20.0,0.5257000000000001,0,0,-2.0,33.84,1.1084848484848484
2010,W,21,GLEBOVA Elena,EST,134.19,20,22.0,50.8,27.2,23.6,83.39,39.11,45.28,66.31,68.88,0,COMPLETED,21.0,0.4905,0,0,-2.0,32.59,0.9626887340301975
2010,W,22,LAFUENTE Sonia,ESP,133.51,22,21.0,49.74,28.94,20.8,83.77,43.97,40.8,72.91,61.6,0,COMPLETED,22.0,0.542,0,0,1.0,34.029999999999994,1.183603896103896
2010,W,23,GIMAZETDINOVA Anastasia,UZB,131.65,24,23.0,49.02,27.94,21.08,82.63,41.47,42.16,69.41,63.24,0,COMPLETED,23.0,0.5233,0,0,1.0,33.60999999999999,1.0975648323845666
2010,W,24,KARADEMIR Tugba,TUR,129.54,21,24.0,50.74,28.74,22.0,78.8,37.64,42.16,66.38,64.16,0,COMPLETED,24.0,0.5085000000000001,0,0,-3.0,28.059999999999995,1.0346009975062345
2010,W,FNR,PIEMAN Isabelle,BEL,0.0,25,0.0,46.1,26.26,19.84,0.0,0.0,0.0,26.26,19.84,0,FNR,,0.5696,0,0,25.0,-46.1,1.3235887096774195
2010,W,FNR,ZIEGLER Miriam,AUT,0.0,26,0.0,43.84,24.8,20.04,0.0,0.0,0.0,24.8,20.04,0,FNR,,0.5531,0,0,26.0,-43.84,1.2375249500998005
2010,W,FNR,POSTIC Teodora,SLO,0.0,27,0.0,43.8,23.8,20.0,0.0,0.0,0.0,23.8,20.0,0,FNR,,0.5434,0,0,27.0,-43.8,1.19
2010,W,FNR,REITMAYEROVA Ivana,SVK,0.0,28,0.0,41.94,22.66,19.28,0.0,0.0,0.0,22.66,19.28,0,FNR,,0.5403,0,0,28.0,-41.94,1.1753112033195021
2010,W,FNR,McCORKELL Jenna,GBR,0.0,29,0.0,40.64,20.08,21.56,0.0,0.0,0.0,20.08,21.56,0,FNR,,0.48219999999999996,0,0,29.0,-40.64,0.9313543599257885
2010,W,FNR,JURKIEWICZ Anna,POL,0.0,30,0.0,36.1,16.78,19.32,0.0,0.0,0.0,16.78,19.32,0,FNR,,0.4648,0,0,30.0,-36.1,0.8685300207039338
2006,M,1,PLUSHENKO Evgeni,   RUS,258.33,1,1.0,90.66,49.69,40.97,167.67,85.25,82.42,134.94,123.39,1,COMPLETED,1.0,0.5224,1,1,0.0,77.00999999999999,1.0936056406515924
2006,M,2,LAMBIEL Stephane,   SUI,231.21,3,4.0,79.04,40.61,38.43,152.17,76.89,76.28,117.5,114.71,2,COMPLETED,2.0,0.506,1,0,-1.0,73.12999999999998,1.0243222038183246
2006,M,3,BUTTLE Jeffrey,   CAN,227.59,6,2.0,73.29,37.01,37.28,154.3,76.8,78.5,113.81,115.78,3,COMPLETED,3.0,0.49570000000000003,1,0,4.0,81.01,0.982984971497668
2006,M,4,LYSACEK Evan,   USA,220.13,10,3.0,67.55,33.8,34.75,152.58,78.24,74.34,112.04,109.09,0,COMPLETED,4.0,0.5067,0,0,7.0,85.03000000000002,1.027041892015767
2006,M,5,WEIR Johnny,   USA,216.63,2,6.0,80.0,40.99,39.01,136.63,61.27,75.36,102.26,114.37,0,COMPLETED,5.0,0.47200000000000003,0,0,-4.0,56.629999999999995,0.8941155897525574
2006,M,6,JOUBERT Brian,   FRA,212.89,4,7.0,77.77,40.59,37.18,135.12,62.54,73.58,103.13,110.76,0,COMPLETED,6.0,0.48219999999999996,0,0,-3.0,57.35000000000001,0.9311123149151317
2006,M,7,SAVOIE Matthew,   USA,206.67,8,5.0,69.15,35.22,33.93,137.52,65.8,71.72,101.02,105.65,0,COMPLETED,7.0,0.4888,0,0,3.0,68.37,0.9561760530052058
2006,M,8,TAKAHASHI Daisuke,   JPN,204.89,5,9.0,73.77,38.45,35.32,131.12,58.82,73.3,97.27,108.62,0,COMPLETED,8.0,0.47240000000000004,0,0,-4.0,57.35000000000001,0.8955072730620511
2006,M,9,VAN DER PERREN Kevin,   BEL,197.39,13,8.0,65.36,33.5,32.86,132.03,66.01,66.02,99.51,98.88,0,COMPLETED,9.0,0.5015999999999999,0,0,5.0,66.67,1.006371359223301
2006,M,10,ZHANG Min,   CHN,196.27,11,11.0,67.39,36.29,31.1,128.88,65.16,63.72,101.45,94.82,0,COMPLETED,10.0,0.5169,0,0,0.0,61.489999999999995,1.0699219573929553
2006,M,11,KLIMKIN Ilia,   RUS,191.8,18,10.0,61.61,29.9,31.71,130.19,65.97,65.22,95.87,96.93,0,COMPLETED,11.0,0.49729999999999996,0,0,8.0,68.58,0.9890642731868359
2006,M,12,SAWYER Shawn,   CAN,190.83,12,12.0,67.2,35.02,32.18,123.63,55.13,68.5,90.15,100.68,0,COMPLETED,12.0,0.47240000000000004,0,0,0.0,56.42999999999999,0.8954112038140644
2006,M,13,SANDHU Emanuel,   CAN,190.24,7,14.0,69.75,33.0,37.75,120.49,52.27,70.22,85.27,107.97,0,COMPLETED,13.0,0.4413,0,0,-7.0,50.739999999999995,0.7897564138186532
2006,M,14,CHIPER Gheorghe,   ROM,186.19,9,17.0,67.66,37.12,30.54,118.53,54.23,64.3,91.35,94.84,0,COMPLETED,14.0,0.49060000000000004,0,0,-8.0,50.870000000000005,0.9632011809363137
2006,M,15,DAVYDOV Sergei,   BLR,184.59,14,16.0,64.65,35.58,29.07,119.94,59.0,60.94,94.58,90.01,0,COMPLETED,15.0,0.5124,0,0,-2.0,55.28999999999999,1.0507721364292855
2006,M,16,LI Chengjiang,   CHN,182.21,21,13.0,60.23,30.55,30.68,121.98,66.04,56.94,96.59,87.62,0,COMPLETED,16.0,0.5243,0,0,8.0,61.75000000000001,1.1023738872403561
2006,M,17,DINEV Ivan,   BUL,180.11,15,18.0,63.64,34.29,29.35,116.47,57.97,58.5,92.26,87.85,0,COMPLETED,17.0,0.5122,0,0,-3.0,52.83,1.0501992031872511
2006,M,18,VERNER Tomas,   CZE,180.07,22,15.0,59.71,30.25,29.46,120.36,63.14,57.22,93.39,86.68,0,COMPLETED,18.0,0.5186,0,0,7.0,60.65,1.0774111675126903
2006,M,19,DAMBIER Frederic,   FRA,177.59,19,19.0,61.17,30.48,31.69,116.42,55.92,62.5,86.4,94.19,0,COMPLETED,19.0,0.47840000000000005,0,0,0.0,55.25,0.9172948295997453
2006,M,20,KOVALEVSKI Anton,   UKR,172.84,16,21.0,63.41,33.95,29.46,109.43,53.93,57.5,87.88,86.96,0,COMPLETED,20.0,0.5025999999999999,0,0,-5.0,46.02000000000001,1.0105795768169274
2006,M,21,LINDEMANN Stefan,   GER,172.57,20,20.0,60.52,27.94,32.58,112.05,51.05,62.0,78.99,94.58,0,COMPLETED,21.0,0.4551,0,0,0.0,51.529999999999994,0.8351659970395432
2006,M,22,PFEIFER Viktor,   AUT,163.87,17,23.0,62.17,34.28,27.89,101.7,45.26,57.44,79.54,85.33,0,COMPLETED,22.0,0.4824,0,0,-6.0,39.53,0.9321457869448027
2006,M,23,BERNTSSON Kristoffer,   SWE,161.95,23,22.0,59.55,31.34,28.21,102.4,48.32,56.08,79.66,84.29,0,COMPLETED,23.0,0.48590000000000005,0,0,1.0,42.85000000000001,0.9450705896310356
2006,M,24,TOTH Zoltan,   HUN,145.47,24,24.0,55.07,29.67,25.4,90.4,42.2,50.2,71.87,75.6,0,COMPLETED,24.0,0.4874,0,0,0.0,35.330000000000005,0.9506613756613758
2006,M,FNR,ZELENKA Karel,   ITA,0.0,25,0.0,53.46,27.96,26.5,0.0,0.0,0.0,27.96,26.5,0,FNR,,0.5134000000000001,0,0,25.0,-53.46,1.0550943396226415
2006,M,FNR,ZIVANOVIC Trifun,   SCG,0.0,26,0.0,53.4,29.44,23.96,0.0,0.0,0.0,29.44,23.96,0,FNR,,0.5513,0,0,26.0,-53.4,1.2287145242070117
2006,M,FNR,OTHMAN Jamal,   SUI,0.0,27,0.0,52.18,24.46,27.72,0.0,0.0,0.0,24.46,27.72,0,FNR,,0.46880000000000005,0,0,27.0,-52.18,0.8823953823953825
2006,M,FNR,MURVANIDZE Vakhtang,   GEO,0.0,28,0.0,49.68,24.32,26.36,0.0,0.0,0.0,24.32,26.36,0,FNR,,0.4799,0,0,28.0,-49.68,0.9226100151745069
2006,M,FNR,URBAS Gregor,   SLO,0.0,29,0.0,46.48,20.28,26.2,0.0,0.0,0.0,20.28,26.2,0,FNR,,0.4363,0,0,29.0,-46.48,0.7740458015267176
2006,M,FNR,HAN Jong In,   PRK,0.0,30,0.0,42.11,19.5,22.62,0.0,0.0,0.0,19.5,22.62,0,FNR,,0.46299999999999997,0,0,30.0,-42.11,0.8620689655172413
2006,W,1,ARAKAWA Shizuka,   JPN,191.34,3,1.0,66.02,35.93,30.09,125.32,62.32,63.0,98.25,93.09,1,COMPLETED,1.0,0.5135000000000001,1,1,2.0,59.3,1.0554302288108282
2006,W,2,COHEN Sasha,   USA,183.36,1,2.0,66.73,35.33,31.4,116.63,55.22,62.41,90.55,93.81,2,COMPLETED,2.0,0.49119999999999997,1,0,-1.0,49.89999999999999,0.9652489073659524
2006,W,3,SLUTSKAYA Irina,   RUS,181.44,2,3.0,66.7,36.21,30.49,114.74,53.87,61.87,90.08,92.36,3,COMPLETED,3.0,0.4938,1,0,-1.0,48.03999999999999,0.9753139887397142
2006,W,4,SUGURI Fumie,   JPN,175.23,4,4.0,61.75,32.61,29.14,113.48,54.23,59.25,86.84,88.39,0,COMPLETED,4.0,0.49560000000000004,0,0,0.0,51.730000000000004,0.9824640796470189
2006,W,5,ROCHETTE Joannie,   CAN,167.27,9,5.0,55.85,28.87,26.98,111.42,55.29,56.13,84.16,83.11,0,COMPLETED,5.0,0.5031,0,0,4.0,55.57,1.012633858741427
2006,W,6,MEISSNER Kimmie,   USA,165.71,5,6.0,59.4,34.2,25.2,106.31,52.77,53.54,86.97,78.74,0,COMPLETED,6.0,0.5247999999999999,0,0,-1.0,46.910000000000004,1.1045212090424181
2006,W,7,HUGHES Emily,   USA,160.87,7,7.0,57.08,31.71,25.37,103.79,53.82,50.97,85.53,76.34,0,COMPLETED,7.0,0.5284,0,0,0.0,46.71000000000001,1.1203824993450353
2006,W,8,MEIER Sarah,   SUI,156.13,10,8.0,55.57,30.69,24.88,100.56,49.31,51.25,80.0,76.13,0,COMPLETED,8.0,0.5124,0,0,2.0,44.99,1.050834099566531
2006,W,9,KOSTNER Carolina,   ITA,153.5,11,9.0,53.77,26.25,28.52,99.73,43.84,55.89,70.09,84.41,0,COMPLETED,9.0,0.4537,0,0,2.0,45.96,0.8303518540457292
2006,W,10,GEDEVANISHVILI Elene,   GEO,151.46,6,13.0,57.9,33.25,24.65,93.56,43.6,49.96,76.85,74.61,0,COMPLETED,10.0,0.5074000000000001,0,0,-7.0,35.660000000000004,1.0300227851494437
2006,W,11,LIU Yan,   CHN,145.3,15,11.0,49.84,27.24,22.6,95.46,50.4,45.06,77.64,67.66,0,COMPLETED,11.0,0.5343,0,0,4.0,45.61999999999999,1.147502216967189
2006,W,12,LEUNG Mira,   CAN,145.16,14,12.0,50.61,29.38,21.23,94.55,51.83,42.72,81.21,63.95,0,COMPLETED,12.0,0.5595,0,0,2.0,43.94,1.2698983580922594
2006,W,13,POYKIO Susanna,   FIN,143.22,12,15.0,53.74,28.43,25.31,89.48,40.54,49.94,68.97,75.25,0,COMPLETED,13.0,0.4782,0,0,-3.0,35.74,0.9165448504983389
2006,W,14,SOKOLOVA Elena,   RUS,142.35,18,10.0,46.69,21.13,25.56,95.66,45.38,50.28,66.51,75.84,0,COMPLETED,14.0,0.4672,0,0,8.0,48.97,0.8769778481012659
2006,W,15,ANDO Miki,   JPN,140.2,8,16.0,56.0,29.12,26.88,84.2,35.69,50.51,64.81,77.39,0,COMPLETED,15.0,0.4558,0,0,-8.0,28.200000000000003,0.8374466985398631
2006,W,16,KORPI Kiira,   FIN,137.2,20,14.0,44.84,23.84,21.0,92.36,48.84,43.52,72.68,64.52,0,COMPLETED,16.0,0.5297,0,0,6.0,47.519999999999996,1.1264724116553009
2006,W,17,LIASHENKO Elena,   UKR,134.08,13,18.0,52.35,27.47,24.88,81.73,36.01,45.72,63.48,70.6,0,COMPLETED,17.0,0.47340000000000004,0,0,-5.0,29.380000000000003,0.8991501416430595
2006,W,18,SEBESTYEN Julia,   HUN,129.26,16,20.0,49.58,26.75,23.83,79.68,34.86,45.82,61.61,69.65,0,COMPLETED,18.0,0.4694,0,0,-4.0,30.10000000000001,0.8845656855707106
2006,W,19,HEGEL Idora,   CRO,127.07,17,19.0,47.06,26.74,20.32,80.01,39.15,40.86,65.89,61.18,0,COMPLETED,19.0,0.5185,0,0,-2.0,32.95,1.0769859431186664
2006,W,20,EFREMENKO Galina,   UKR,125.37,24,17.0,41.25,20.43,21.82,84.12,41.7,42.42,62.13,64.24,0,COMPLETED,20.0,0.4917,0,0,7.0,42.870000000000005,0.9671544209215444
2006,W,21,KARADEMIR Tugba,   TUR,123.64,22,21.0,44.2,25.7,18.5,79.44,42.64,36.8,68.34,55.3,0,COMPLETED,21.0,0.5527000000000001,0,0,1.0,35.239999999999995,1.2358047016274865
2006,W,22,FONTANA Silvia,   ITA,120.37,23,22.0,42.47,19.87,22.6,77.9,35.67,42.23,55.54,64.83,0,COMPLETED,22.0,0.46140000000000003,0,0,1.0,35.43000000000001,0.8567021440691038
2006,W,23,PAVUK Viktoria,   HUN,119.85,19,23.0,46.4,26.78,19.62,73.45,36.58,37.87,63.36,57.49,0,COMPLETED,23.0,0.5243,0,0,-4.0,27.050000000000004,1.1021047138632805
2006,W,24,MAXWELL Fleur,   LUX,109.57,21,24.0,44.53,24.33,20.2,65.04,26.77,39.27,51.1,59.47,0,COMPLETED,24.0,0.4622,0,0,-3.0,20.510000000000005,0.859256768118379
2006,W,FNR,CARTER Joanne,   AUS,0.0,25,0.0,40.86,21.21,20.65,0.0,0.0,0.0,21.21,20.65,0,FNR,,0.5067,0,0,25.0,-40.86,1.0271186440677966
2006,W,FNR,LUCA Roxana,   ROM,0.0,26,0.0,39.37,21.49,17.88,0.0,0.0,0.0,21.49,17.88,0,FNR,,0.5458,0,0,26.0,-39.37,1.2019015659955257
2006,W,FNR,KIM Yong Suk,   PRK,0.0,27,0.0,39.16,19.37,19.79,0.0,0.0,0.0,19.37,19.79,0,FNR,,0.4946,0,0,27.0,-39.16,0.9787771601819102
2006,W,FNR,GLEBOVA Elena,   EST,0.0,28,0.0,38.47,21.06,18.41,0.0,0.0,0.0,21.06,18.41,0,FNR,,0.5336,0,0,28.0,-38.47,1.1439435089625203
2006,W,FNR,GIMAZETDINOVA Anastasia,   UZB,0.0,29,0.0,38.44,19.06,19.38,0.0,0.0,0.0,19.06,19.38,0,FNR,,0.49579999999999996,0,0,29.0,-38.44,0.9834881320949432
